Name,BO_Year,BOMojoFilmURL,Duration
Superman,1979,https://www.boxofficemojo.com/release/rl4050814465/,2 hr 23 min
The Amityville Horror,1979,https://www.boxofficemojo.com/release/rl2202240513/,1 hr 57 min
Rocky II,1979,https://www.boxofficemojo.com/release/rl2993456641/,1 hr 59 min
Star Trek: The Motion Picture,1979,https://www.boxofficemojo.com/release/rl2977138177/,2 hr 12 min
Alien,1979,https://www.boxofficemojo.com/release/rl3443557889/,1 hr 57 min
Apocalypse Now,1979,https://www.boxofficemojo.com/release/rl1816299009/,2 hr 27 min
10,1979,https://www.boxofficemojo.com/release/rl960595457/,2 hr 2 min
The Jerk,1979,https://www.boxofficemojo.com/release/rl878544385/,1 hr 34 min
Moonraker,1979,https://www.boxofficemojo.com/release/rl1516602881/,2 hr 6 min
Meatballs,1979,https://www.boxofficemojo.com/release/rl3479406081/,1 hr 34 min
Escape from Alcatraz,1979,https://www.boxofficemojo.com/release/rl3461449217/,1 hr 52 min
Manhattan,1979,https://www.boxofficemojo.com/release/rl1046709761/,1 hr 36 min
All That Jazz,1979,https://www.boxofficemojo.com/release/rl390301185/,2 hr 3 min
1941,1979,https://www.boxofficemojo.com/release/rl2034337281/,1 hr 58 min
The Champ,1979,https://www.boxofficemojo.com/release/rl3242755585/,2 hr 1 min
The Rose,1979,https://www.boxofficemojo.com/release/rl4050421249/,2 hr 5 min
The Warriors,1979,https://www.boxofficemojo.com/release/rl410551809/,1 hr 32 min
Norma Rae,1979,https://www.boxofficemojo.com/release/rl2422703617/,1 hr 54 min
National Lampoon's Animal House,1979,https://www.boxofficemojo.com/release/rl977438209/,1 hr 49 min
La Cage aux Folles,1979,https://www.boxofficemojo.com/release/rl3327952385/,1 hr 37 min
Star Wars: Episode V - The Empire Strikes Back,1980,https://www.boxofficemojo.com/release/rl2775811585/,2 hr 4 min
9 to 5,1980,https://www.boxofficemojo.com/release/rl876643841/,1 hr 49 min
Stir Crazy,1980,https://www.boxofficemojo.com/release/rl3312682497/,1 hr 51 min
Kramer vs. Kramer,1980,https://www.boxofficemojo.com/release/rl3999041025/,1 hr 45 min
Any Which Way You Can,1980,https://www.boxofficemojo.com/release/rl1916962305/,1 hr 56 min
Private Benjamin,1980,https://www.boxofficemojo.com/release/rl3513484801/,1 hr 49 min
Coal Miner's Daughter,1980,https://www.boxofficemojo.com/release/rl1883932161/,2 hr 4 min
Smokey and the Bandit II,1980,https://www.boxofficemojo.com/release/rl460359169/,1 hr 40 min
The Blues Brothers,1980,https://www.boxofficemojo.com/release/rl289834497/,2 hr 13 min
Ordinary People,1980,https://www.boxofficemojo.com/release/rl3378939393/,2 hr 4 min
Popeye,1980,https://www.boxofficemojo.com/release/rl2003535361/,1 hr 54 min
The Shining,1980,https://www.boxofficemojo.com/release/rl3312354817/,2 hr 26 min
Cheech and Chong's Next Movie,1980,https://www.boxofficemojo.com/release/rl2018215425/,1 hr 39 min
Caddyshack,1980,https://www.boxofficemojo.com/release/rl3326707201/,1 hr 38 min
Friday the 13th,1980,https://www.boxofficemojo.com/release/rl3344074241/,1 hr 35 min
Brubaker,1980,https://www.boxofficemojo.com/release/rl3125380609/,2 hr 11 min
The Jazz Singer,1980,https://www.boxofficemojo.com/release/rl3411707393/,1 hr 55 min
Flash Gordon,1980,https://www.boxofficemojo.com/release/rl3461580289/,1 hr 51 min
Bronco Billy,1980,https://www.boxofficemojo.com/release/rl1497990657/,1 hr 56 min
Raging Bull,1980,https://www.boxofficemojo.com/release/rl4201285121/,2 hr 9 min
Superman II,1981,https://www.boxofficemojo.com/release/rl4084368897/,2 hr 7 min
Stripes,1981,https://www.boxofficemojo.com/release/rl1685227009/,1 hr 46 min
The Cannonball Run,1981,https://www.boxofficemojo.com/release/rl4752897/,1 hr 35 min
For Your Eyes Only,1981,https://www.boxofficemojo.com/release/rl4135224833/,2 hr 7 min
The Four Seasons,1981,https://www.boxofficemojo.com/release/rl2572322305/,1 hr 47 min
Excalibur,1981,https://www.boxofficemojo.com/release/rl1783662081/,2 hr 20 min
History of the World: Part I,1981,https://www.boxofficemojo.com/release/rl2572781057/,1 hr 32 min
Bustin' Loose,1981,https://www.boxofficemojo.com/release/rl3846800897/,1 hr 34 min
The Great Muppet Caper,1981,https://www.boxofficemojo.com/release/rl3412428289/,1 hr 37 min
Endless Love,1981,https://www.boxofficemojo.com/release/rl2219935233/,1 hr 56 min
An American Werewolf in London,1981,https://www.boxofficemojo.com/release/rl2336458241/,1 hr 37 min
Halloween II,1981,https://www.boxofficemojo.com/release/rl3310847489/,1 hr 32 min
Body Heat,1981,https://www.boxofficemojo.com/release/rl1749452289/,1 hr 53 min
Raiders of the Lost Ark,1981,https://www.boxofficemojo.com/release/rl4083844609/,1 hr 55 min
Friday the 13th Part 2,1981,https://www.boxofficemojo.com/release/rl3478291969/,1 hr 27 min
The Final Conflict,1981,https://www.boxofficemojo.com/release/rl1600554497/,1 hr 48 min
The Incredible Shrinking Woman,1981,https://www.boxofficemojo.com/release/rl2589689345/,1 hr 28 min
Under the Rainbow,1981,https://www.boxofficemojo.com/release/rl2759230977/,1 hr 38 min
Outland,1981,https://www.boxofficemojo.com/release/rl57247233/,1 hr 49 min
Continental Divide,1981,https://www.boxofficemojo.com/release/rl3611985409/,1 hr 43 min
E.T. the Extra-Terrestrial,1982,https://www.boxofficemojo.com/release/rl995132929/,1 hr 55 min
Raiders of the Lost Ark,1982,https://www.boxofficemojo.com/release/rl4083844609/,1 hr 55 min
Rocky III,1982,https://www.boxofficemojo.com/release/rl3010233857/,1 hr 39 min
On Golden Pond,1982,https://www.boxofficemojo.com/release/rl2320795137/,1 hr 49 min
An Officer and a Gentleman,1982,https://www.boxofficemojo.com/release/rl423790081/,2 hr 4 min
Porky's,1982,https://www.boxofficemojo.com/release/rl1802208769/,1 hr 34 min
Arthur,1982,https://www.boxofficemojo.com/release/rl2621605377/,1 hr 37 min
Star Trek II: The Wrath of Khan,1982,https://www.boxofficemojo.com/release/rl2993915393/,1 hr 53 min
Poltergeist,1982,https://www.boxofficemojo.com/release/rl107709953/,1 hr 54 min
The Best Little Whorehouse in Texas,1982,https://www.boxofficemojo.com/release/rl2370078209/,1 hr 54 min
Chariots of Fire,1982,https://www.boxofficemojo.com/release/rl508265985/,2 hr 5 min
Annie,1982,https://www.boxofficemojo.com/release/rl625116673/,2 hr 6 min
First Blood,1982,https://www.boxofficemojo.com/release/rl2270397953/,1 hr 33 min
Firefox,1982,https://www.boxofficemojo.com/release/rl2505278977/,2 hr 16 min
Conan the Barbarian,1982,https://www.boxofficemojo.com/release/rl4165633537/,2 hr 9 min
The Sword and the Sorcerer,1982,https://www.boxofficemojo.com/release/rl393577985/,1 hr 40 min
Absence of Malice,1982,https://www.boxofficemojo.com/release/rl356550145/,1 hr 56 min
Reds,1982,https://www.boxofficemojo.com/release/rl1399686657/,3 hr 15 min
Richard Pryor: Live on the Sunset Strip,1982,https://www.boxofficemojo.com/release/rl1013745153/,1 hr 22 min
Friday the 13th Part III,1982,https://www.boxofficemojo.com/release/rl3226633729/,1 hr 35 min
Star Wars: Episode VI - Return of the Jedi,1983,https://www.boxofficemojo.com/release/rl2792588801/,2 hr 11 min
Tootsie,1983,https://www.boxofficemojo.com/release/rl645367297/,1 hr 56 min
Flashdance,1983,https://www.boxofficemojo.com/release/rl3411248641/,1 hr 35 min
Trading Places,1983,https://www.boxofficemojo.com/release/rl1081574913/,1 hr 56 min
WarGames,1983,https://www.boxofficemojo.com/release/rl846759425/,1 hr 54 min
Octopussy,1983,https://www.boxofficemojo.com/release/rl275154433/,2 hr 11 min
Staying Alive,1983,https://www.boxofficemojo.com/release/rl2389935617/,1 hr 33 min
Risky Business,1983,https://www.boxofficemojo.com/release/rl40666625/,1 hr 39 min
Mr. Mom,1983,https://www.boxofficemojo.com/release/rl2187691521/,1 hr 31 min
National Lampoon's Vacation,1983,https://www.boxofficemojo.com/release/rl561612289/,1 hr 38 min
Superman III,1983,https://www.boxofficemojo.com/release/rl4285695489/,2 hr 5 min
48 Hrs.,1983,https://www.boxofficemojo.com/release/rl4030825985/,1 hr 36 min
Never Say Never Again,1983,https://www.boxofficemojo.com/release/rl3496248833/,2 hr 14 min
Gandhi,1983,https://www.boxofficemojo.com/release/rl3797255681/,3 hr 11 min
Jaws 3-D,1983,https://www.boxofficemojo.com/release/rl3596256769/,1 hr 39 min
E.T. the Extra-Terrestrial,1983,https://www.boxofficemojo.com/release/rl995132929/,1 hr 55 min
Blue Thunder,1983,https://www.boxofficemojo.com/release/rl373720577/,1 hr 49 min
The Verdict,1983,https://www.boxofficemojo.com/release/rl1870235137/,2 hr 9 min
The Big Chill,1983,https://www.boxofficemojo.com/release/rl407340545/,1 hr 45 min
Sudden Impact,1983,https://www.boxofficemojo.com/release/rl3111290369/,1 hr 57 min
Ghostbusters,1984,https://www.boxofficemojo.com/release/rl3696592385/,1 hr 45 min
Indiana Jones and the Temple of Doom,1984,https://www.boxofficemojo.com/release/rl2455471617/,1 hr 58 min
Gremlins,1984,https://www.boxofficemojo.com/release/rl3126298113/,1 hr 46 min
The Karate Kid,1984,https://www.boxofficemojo.com/release/rl3378349569/,2 hr 6 min
Police Academy,1984,https://www.boxofficemojo.com/release/rl158041601/,1 hr 36 min
Footloose,1984,https://www.boxofficemojo.com/release/rl2001896961/,1 hr 47 min
Beverly Hills Cop,1984,https://www.boxofficemojo.com/release/rl3880027649/,1 hr 45 min
Star Trek III: The Search for Spock,1984,https://www.boxofficemojo.com/release/rl3010692609/,1 hr 45 min
Terms of Endearment,1984,https://www.boxofficemojo.com/release/rl3245704705/,2 hr 12 min
Romancing the Stone,1984,https://www.boxofficemojo.com/release/rl2792130049/,1 hr 46 min
Splash,1984,https://www.boxofficemojo.com/release/rl494110209/,1 hr 51 min
Purple Rain,1984,https://www.boxofficemojo.com/release/rl1533707777/,1 hr 51 min
Tightrope,1984,https://www.boxofficemojo.com/release/rl2155120129/,1 hr 54 min
The Natural,1984,https://www.boxofficemojo.com/release/rl2388952577/,2 hr 18 min
Greystoke,1984,https://www.boxofficemojo.com/release/rl3210184193/,2 hr 23 min
Revenge of the Nerds,1984,https://www.boxofficemojo.com/release/rl3563947521/,1 hr 30 min
Breakin',1984,https://www.boxofficemojo.com/release/rl1028228609/,1 hr 30 min
Bachelor Party,1984,https://www.boxofficemojo.com/release/rl3628434945/,1 hr 45 min
Red Dawn,1984,https://www.boxofficemojo.com/release/rl1768785409/,1 hr 54 min
All of Me,1984,https://www.boxofficemojo.com/release/rl457410049/,1 hr 33 min
Back to the Future,1985,https://www.boxofficemojo.com/release/rl2974385665/,1 hr 56 min
Beverly Hills Cop,1985,https://www.boxofficemojo.com/release/rl3880027649/,1 hr 45 min
Rambo: First Blood Part II,1985,https://www.boxofficemojo.com/release/rl3697968641/,1 hr 36 min
Rocky IV,1985,https://www.boxofficemojo.com/release/rl3043788289/,1 hr 31 min
Cocoon,1985,https://www.boxofficemojo.com/release/rl1615496705/,1 hr 57 min
Witness,1985,https://www.boxofficemojo.com/release/rl4017849857/,1 hr 52 min
The Goonies,1985,https://www.boxofficemojo.com/release/rl3243542017/,1 hr 54 min
Police Academy 2: Their First Assignment,1985,https://www.boxofficemojo.com/release/rl493585921/,1 hr 27 min
Fletch,1985,https://www.boxofficemojo.com/release/rl978486785/,1 hr 38 min
A View to a Kill,1985,https://www.boxofficemojo.com/release/rl1333364225/,2 hr 11 min
National Lampoon's European Vacation,1985,https://www.boxofficemojo.com/release/rl709920257/,1 hr 35 min
Mask,1985,https://www.boxofficemojo.com/release/rl2808317441/,2 hr
The Breakfast Club,1985,https://www.boxofficemojo.com/release/rl3326510593/,1 hr 37 min
Pale Rider,1985,https://www.boxofficemojo.com/release/rl1147766273/,1 hr 55 min
Pee-wee's Big Adventure,1985,https://www.boxofficemojo.com/release/rl644384257/,1 hr 31 min
Brewster's Millions,1985,https://www.boxofficemojo.com/release/rl575243777/,1 hr 42 min
E.T. the Extra-Terrestrial,1985,https://www.boxofficemojo.com/release/rl1028687361/,1 hr 55 min
Jagged Edge,1985,https://www.boxofficemojo.com/release/rl4049241601/,1 hr 48 min
Mad Max Beyond Thunderdome,1985,https://www.boxofficemojo.com/release/rl2824898049/,1 hr 47 min
Spies Like Us,1985,https://www.boxofficemojo.com/release/rl745768449/,1 hr 42 min
Top Gun,1986,https://www.boxofficemojo.com/release/rl444040705/,1 hr 50 min
Crocodile Dundee,1986,https://www.boxofficemojo.com/release/rl3108865537/,1 hr 37 min
The Karate Kid Part II,1986,https://www.boxofficemojo.com/release/rl3395126785/,1 hr 53 min
Back to School,1986,https://www.boxofficemojo.com/release/rl1984267777/,1 hr 36 min
Aliens,1986,https://www.boxofficemojo.com/release/rl3309340161/,2 hr 17 min
The Color Purple,1986,https://www.boxofficemojo.com/release/rl71992833/,2 hr 34 min
Star Trek IV: The Voyage Home,1986,https://www.boxofficemojo.com/release/rl3027469825/,1 hr 59 min
Ruthless People,1986,https://www.boxofficemojo.com/release/rl493848065/,1 hr 33 min
Out of Africa,1986,https://www.boxofficemojo.com/release/rl107578881/,2 hr 41 min
Ferris Bueller's Day Off,1986,https://www.boxofficemojo.com/release/rl1767081473/,1 hr 43 min
Down and Out in Beverly Hills,1986,https://www.boxofficemojo.com/release/rl1917748737/,1 hr 43 min
The Color of Money,1986,https://www.boxofficemojo.com/release/rl3192555009/,1 hr 59 min
Stand by Me,1986,https://www.boxofficemojo.com/release/rl1534297601/,1 hr 29 min
Legal Eagles,1986,https://www.boxofficemojo.com/release/rl928941569/,1 hr 56 min
Cobra,1986,https://www.boxofficemojo.com/release/rl1934263809/,1 hr 27 min
The Jewel of the Nile,1986,https://www.boxofficemojo.com/release/rl408782337/,1 hr 46 min
Police Academy 3: Back in Training,1986,https://www.boxofficemojo.com/release/rl174818817/,1 hr 23 min
The Golden Child,1986,https://www.boxofficemojo.com/release/rl2555676161/,1 hr 34 min
Peggy Sue Got Married,1986,https://www.boxofficemojo.com/release/rl409503233/,1 hr 43 min
Poltergeist II: The Other Side,1986,https://www.boxofficemojo.com/release/rl124487169/,1 hr 31 min
Beverly Hills Cop II,1987,https://www.boxofficemojo.com/release/rl3712255489/,1 hr 40 min
Platoon,1987,https://www.boxofficemojo.com/release/rl3446179329/,2 hr
Fatal Attraction,1987,https://www.boxofficemojo.com/release/rl794002945/,1 hr 59 min
The Untouchables,1987,https://www.boxofficemojo.com/release/rl3447096833/,1 hr 59 min
Three Men and a Baby,1987,https://www.boxofficemojo.com/release/rl3061089793/,1 hr 42 min
The Secret of My Success,1987,https://www.boxofficemojo.com/release/rl510559745/,1 hr 51 min
Stakeout,1987,https://www.boxofficemojo.com/release/rl1735624193/,1 hr 57 min
Lethal Weapon,1987,https://www.boxofficemojo.com/release/rl1667139073/,1 hr 49 min
The Witches of Eastwick,1987,https://www.boxofficemojo.com/release/rl4152067585/,1 hr 58 min
Predator,1987,https://www.boxofficemojo.com/release/rl2909505025/,1 hr 47 min
Dragnet,1987,https://www.boxofficemojo.com/release/rl1397655041/,1 hr 46 min
La Bamba,1987,https://www.boxofficemojo.com/release/rl3462170113/,1 hr 48 min
Crocodile Dundee,1987,https://www.boxofficemojo.com/release/rl3108865537/,1 hr 37 min
RoboCop,1987,https://www.boxofficemojo.com/release/rl1366066689/,1 hr 42 min
Outrageous Fortune,1987,https://www.boxofficemojo.com/release/rl1902740993/,1 hr 39 min
Dirty Dancing,1987,https://www.boxofficemojo.com/release/rl2505016833/,1 hr 40 min
The Living Daylights,1987,https://www.boxofficemojo.com/release/rl643925505/,2 hr 10 min
Snow White and the Seven Dwarfs,1987,https://www.boxofficemojo.com/release/rl1919976961/,1 hr 23 min
Full Metal Jacket,1987,https://www.boxofficemojo.com/release/rl39159297/,1 hr 56 min
A Nightmare on Elm Street 3: Dream Warriors,1987,https://www.boxofficemojo.com/release/rl3159459329/,1 hr 36 min
Who Framed Roger Rabbit,1988,https://www.boxofficemojo.com/release/rl1987806721/,1 hr 44 min
Coming to America,1988,https://www.boxofficemojo.com/release/rl3058337281/,1 hr 56 min
"Good Morning, Vietnam",1988,https://www.boxofficemojo.com/release/rl3713304065/,2 hr 1 min
Big,1988,https://www.boxofficemojo.com/release/rl692553217/,1 hr 44 min
Crocodile Dundee II,1988,https://www.boxofficemojo.com/release/rl3863905793/,1 hr 48 min
Three Men and a Baby,1988,https://www.boxofficemojo.com/release/rl3061089793/,1 hr 42 min
Die Hard,1988,https://www.boxofficemojo.com/release/rl2991556097/,2 hr 12 min
Moonstruck,1988,https://www.boxofficemojo.com/release/rl1550157313/,1 hr 42 min
Cocktail,1988,https://www.boxofficemojo.com/release/rl1800046081/,1 hr 44 min
Beetlejuice,1988,https://www.boxofficemojo.com/release/rl1849984513/,1 hr 32 min
A Fish Called Wanda,1988,https://www.boxofficemojo.com/release/rl3948119553/,1 hr 48 min
Willow,1988,https://www.boxofficemojo.com/release/rl2910553601/,2 hr 6 min
Rambo III,1988,https://www.boxofficemojo.com/release/rl3714745857/,1 hr 42 min
Scrooged,1988,https://www.boxofficemojo.com/release/rl3245311489/,1 hr 41 min
Bull Durham,1988,https://www.boxofficemojo.com/release/rl2286519809/,1 hr 48 min
Twins,1988,https://www.boxofficemojo.com/release/rl2021033473/,1 hr 47 min
A Nightmare on Elm Street 4: The Dream Master,1988,https://www.boxofficemojo.com/release/rl3176236545/,1 hr 33 min
Colors,1988,https://www.boxofficemojo.com/release/rl2991228417/,2 hr
Young Guns,1988,https://www.boxofficemojo.com/release/rl4252665345/,1 hr 47 min
Biloxi Blues,1988,https://www.boxofficemojo.com/release/rl1397196289/,1 hr 46 min
Batman,1989,https://www.boxofficemojo.com/release/rl3695543809/,2 hr 6 min
Indiana Jones and the Last Crusade,1989,https://www.boxofficemojo.com/release/rl2539357697/,2 hr 7 min
Lethal Weapon 2,1989,https://www.boxofficemojo.com/release/rl1868465665/,1 hr 54 min
Rain Man,1989,https://www.boxofficemojo.com/release/rl3999958529/,2 hr 13 min
"Honey, I Shrunk the Kids",1989,https://www.boxofficemojo.com/release/rl978880001/,1 hr 33 min
Look Who's Talking,1989,https://www.boxofficemojo.com/release/rl2992735745/,1 hr 33 min
Ghostbusters II,1989,https://www.boxofficemojo.com/release/rl3629483521/,1 hr 48 min
Dead Poets Society,1989,https://www.boxofficemojo.com/release/rl2605483521/,2 hr 8 min
Parenthood,1989,https://www.boxofficemojo.com/release/rl2221508097/,2 hr 4 min
Back to the Future Part II,1989,https://www.boxofficemojo.com/release/rl2991162881/,1 hr 48 min
When Harry Met Sally...,1989,https://www.boxofficemojo.com/release/rl1196852737/,1 hr 35 min
Turner & Hooch,1989,https://www.boxofficemojo.com/release/rl594970113/,1 hr 37 min
Uncle Buck,1989,https://www.boxofficemojo.com/release/rl3027666433/,1 hr 40 min
Field of Dreams,1989,https://www.boxofficemojo.com/release/rl1515423233/,1 hr 47 min
Twins,1989,https://www.boxofficemojo.com/release/rl2021033473/,1 hr 47 min
Sea of Love,1989,https://www.boxofficemojo.com/release/rl1030653441/,1 hr 53 min
Pet Sematary,1989,https://www.boxofficemojo.com/release/rl1449690625/,1 hr 43 min
The Abyss,1989,https://www.boxofficemojo.com/release/rl205555201/,2 hr 51 min
Harlem Nights,1989,https://www.boxofficemojo.com/release/rl1230407169/,1 hr 56 min
National Lampoon's Christmas Vacation,1989,https://www.boxofficemojo.com/release/rl2454423041/,1 hr 37 min
Ghost,1990,https://www.boxofficemojo.com/release/rl3864364545/,2 hr 7 min
Pretty Woman,1990,https://www.boxofficemojo.com/release/rl2439742977/,1 hr 59 min
Home Alone,1990,https://www.boxofficemojo.com/release/rl3629745665/,1 hr 43 min
Teenage Mutant Ninja Turtles,1990,https://www.boxofficemojo.com/release/rl4235560449/,1 hr 33 min
The Hunt for Red October,1990,https://www.boxofficemojo.com/release/rl4015556097/,2 hr 15 min
Total Recall,1990,https://www.boxofficemojo.com/release/rl74941953/,1 hr 53 min
Die Hard 2,1990,https://www.boxofficemojo.com/release/rl1380943361/,2 hr 4 min
Driving Miss Daisy,1990,https://www.boxofficemojo.com/release/rl2790163969/,1 hr 39 min
Dick Tracy,1990,https://www.boxofficemojo.com/release/rl3209659905/,1 hr 45 min
Back to the Future Part III,1990,https://www.boxofficemojo.com/release/rl3007940097/,1 hr 58 min
Presumed Innocent,1990,https://www.boxofficemojo.com/release/rl2775287297/,2 hr 7 min
Days of Thunder,1990,https://www.boxofficemojo.com/release/rl1246529025/,1 hr 47 min
Another 48 Hrs.,1990,https://www.boxofficemojo.com/release/rl507676161/,1 hr 33 min
Bird on a Wire,1990,https://www.boxofficemojo.com/release/rl1330087425/,1 hr 50 min
Born on the Fourth of July,1990,https://www.boxofficemojo.com/release/rl2823194113/,2 hr 25 min
Flatliners,1990,https://www.boxofficemojo.com/release/rl3260253697/,1 hr 55 min
Dances with Wolves,1990,https://www.boxofficemojo.com/release/rl944539137/,3 hr 1 min
Problem Child,1990,https://www.boxofficemojo.com/release/rl3228272129/,1 hr 21 min
Arachnophobia,1990,https://www.boxofficemojo.com/release/rl1229096449/,1 hr 49 min
Three Men and a Little Lady,1990,https://www.boxofficemojo.com/release/rl2436990465/,1 hr 44 min
Terminator 2: Judgment Day,1991,https://www.boxofficemojo.com/release/rl3396699649/,2 hr 17 min
Robin Hood: Prince of Thieves,1991,https://www.boxofficemojo.com/release/rl1567393281/,2 hr 23 min
Home Alone,1991,https://www.boxofficemojo.com/release/rl3629745665/,1 hr 43 min
The Silence of the Lambs,1991,https://www.boxofficemojo.com/release/rl1500612097/,1 hr 58 min
City Slickers,1991,https://www.boxofficemojo.com/release/rl3393947137/,1 hr 53 min
Dances with Wolves,1991,https://www.boxofficemojo.com/release/rl944539137/,3 hr 1 min
Sleeping with the Enemy,1991,https://www.boxofficemojo.com/release/rl3429991937/,1 hr 39 min
The Addams Family,1991,https://www.boxofficemojo.com/release/rl1749059073/,1 hr 39 min
The Naked Gun 2Â½: The Smell of Fear,1991,https://www.boxofficemojo.com/release/rl2976155137/,1 hr 25 min
Teenage Mutant Ninja Turtles II: The Secret of the Ooze,1991,https://www.boxofficemojo.com/release/rl3497297409/,1 hr 28 min
Backdraft,1991,https://www.boxofficemojo.com/release/rl1933936129/,2 hr 17 min
Hot Shots!,1991,https://www.boxofficemojo.com/release/rl2019067393/,1 hr 24 min
Beauty and the Beast,1991,https://www.boxofficemojo.com/release/rl4490753/,1 hr 24 min
Hook,1991,https://www.boxofficemojo.com/release/rl911771137/,2 hr 22 min
What About Bob?,1991,https://www.boxofficemojo.com/release/rl2222491137/,1 hr 39 min
Kindergarten Cop,1991,https://www.boxofficemojo.com/release/rl1516013057/,1 hr 51 min
One Hundred and One Dalmatians,1991,https://www.boxofficemojo.com/release/rl859932161/,1 hr 19 min
Cape Fear,1991,https://www.boxofficemojo.com/release/rl2051573249/,2 hr 8 min
Boyz n the Hood,1991,https://www.boxofficemojo.com/release/rl3779495425/,1 hr 52 min
Doc Hollywood,1991,https://www.boxofficemojo.com/release/rl3494872577/,1 hr 44 min
Batman Returns,1992,https://www.boxofficemojo.com/release/rl3544548865/,2 hr 6 min
Lethal Weapon 3,1992,https://www.boxofficemojo.com/release/rl1616807425/,1 hr 58 min
Sister Act,1992,https://www.boxofficemojo.com/release/rl2456913409/,1 hr 40 min
Home Alone 2: Lost in New York,1992,https://www.boxofficemojo.com/release/rl3881403905/,2 hr
Wayne's World,1992,https://www.boxofficemojo.com/release/rl3245966849/,1 hr 34 min
Basic Instinct,1992,https://www.boxofficemojo.com/release/rl3997533697/,2 hr 7 min
A League of Their Own,1992,https://www.boxofficemojo.com/release/rl3529475585/,2 hr 8 min
Aladdin,1992,https://www.boxofficemojo.com/release/rl4148200961/,1 hr 30 min
The Hand That Rocks the Cradle,1992,https://www.boxofficemojo.com/release/rl777422337/,1 hr 50 min
Under Siege,1992,https://www.boxofficemojo.com/release/rl4185294337/,1 hr 43 min
Patriot Games,1992,https://www.boxofficemojo.com/release/rl3479799297/,1 hr 57 min
Bram Stoker's Dracula,1992,https://www.boxofficemojo.com/release/rl1582204417/,2 hr 8 min
The Bodyguard,1992,https://www.boxofficemojo.com/release/rl1967556097/,2 hr 9 min
White Men Can't Jump,1992,https://www.boxofficemojo.com/release/rl477857281/,1 hr 55 min
Fried Green Tomatoes,1992,https://www.boxofficemojo.com/release/rl1045792257/,2 hr 10 min
The Last of the Mohicans,1992,https://www.boxofficemojo.com/release/rl2875164161/,1 hr 52 min
Unforgiven,1992,https://www.boxofficemojo.com/release/rl4118185473/,2 hr 10 min
Beauty and the Beast,1992,https://www.boxofficemojo.com/release/rl4490753/,1 hr 24 min
Boomerang,1992,https://www.boxofficemojo.com/release/rl3141961217/,1 hr 57 min
A Few Good Men,1992,https://www.boxofficemojo.com/release/rl1666418177/,2 hr 18 min
Jurassic Park,1993,https://www.boxofficemojo.com/release/rl2354939393/,2 hr 7 min
The Fugitive,1993,https://www.boxofficemojo.com/release/rl206931457/,2 hr 10 min
The Firm,1993,https://www.boxofficemojo.com/release/rl2186511873/,2 hr 34 min
Sleepless in Seattle,1993,https://www.boxofficemojo.com/release/rl3597764097/,1 hr 45 min
Mrs. Doubtfire,1993,https://www.boxofficemojo.com/release/rl2085520897/,2 hr 5 min
Indecent Proposal,1993,https://www.boxofficemojo.com/release/rl2640020993/,1 hr 57 min
In the Line of Fire,1993,https://www.boxofficemojo.com/release/rl3881731585/,2 hr 8 min
Aladdin,1993,https://www.boxofficemojo.com/release/rl4148200961/,1 hr 30 min
Cliffhanger,1993,https://www.boxofficemojo.com/release/rl608863745/,1 hr 53 min
A Few Good Men,1993,https://www.boxofficemojo.com/release/rl1666418177/,2 hr 18 min
Free Willy,1993,https://www.boxofficemojo.com/release/rl3696395777/,1 hr 52 min
Groundhog Day,1993,https://www.boxofficemojo.com/release/rl2723644929/,1 hr 41 min
Dave,1993,https://www.boxofficemojo.com/release/rl1766622721/,1 hr 50 min
Rising Sun,1993,https://www.boxofficemojo.com/release/rl7112193/,2 hr 5 min
Scent of a Woman,1993,https://www.boxofficemojo.com/release/rl3933177345/,2 hr 36 min
Cool Runnings,1993,https://www.boxofficemojo.com/release/rl894273025/,1 hr 38 min
The Crying Game,1993,https://www.boxofficemojo.com/release/rl2337113601/,1 hr 52 min
Demolition Man,1993,https://www.boxofficemojo.com/release/rl407864833/,1 hr 55 min
Rookie of the Year,1993,https://www.boxofficemojo.com/release/rl2238481921/,1 hr 43 min
Dennis the Menace,1993,https://www.boxofficemojo.com/release/rl474973697/,1 hr 34 min
The Lion King,1994,https://www.boxofficemojo.com/release/rl3730736641/,1 hr 28 min
Forrest Gump,1994,https://www.boxofficemojo.com/release/rl1314031105/,2 hr 22 min
True Lies,1994,https://www.boxofficemojo.com/release/rl3614934529/,2 hr 21 min
The Santa Clause,1994,https://www.boxofficemojo.com/release/rl1131382273/,1 hr 37 min
The Flintstones,1994,https://www.boxofficemojo.com/release/rl676496897/,1 hr 31 min
Clear and Present Danger,1994,https://www.boxofficemojo.com/release/rl709527041/,2 hr 21 min
Speed,1994,https://www.boxofficemojo.com/release/rl3295708673/,1 hr 56 min
The Mask,1994,https://www.boxofficemojo.com/release/rl359958017/,1 hr 41 min
Mrs. Doubtfire,1994,https://www.boxofficemojo.com/release/rl2085520897/,2 hr 5 min
Interview with the Vampire: The Vampire Chronicles,1994,https://www.boxofficemojo.com/release/rl576357889/,2 hr 3 min
Maverick,1994,https://www.boxofficemojo.com/release/rl4066608641/,2 hr 7 min
Schindler's List,1994,https://www.boxofficemojo.com/release/rl3949954561/,3 hr 15 min
The Client,1994,https://www.boxofficemojo.com/release/rl575309313/,1 hr 59 min
Philadelphia,1994,https://www.boxofficemojo.com/release/rl1147700737/,2 hr 5 min
Stargate,1994,https://www.boxofficemojo.com/release/rl1081312769/,1 hr 56 min
Ace Ventura: Pet Detective,1994,https://www.boxofficemojo.com/release/rl104891905/,1 hr 26 min
Star Trek: Generations,1994,https://www.boxofficemojo.com/release/rl3077801473/,1 hr 58 min
Wolf,1994,https://www.boxofficemojo.com/release/rl3615196673/,2 hr 5 min
Pulp Fiction,1994,https://www.boxofficemojo.com/release/rl2053801473/,2 hr 34 min
Grumpy Old Men,1994,https://www.boxofficemojo.com/release/rl2421655041/,1 hr 43 min
Batman Forever,1995,https://www.boxofficemojo.com/release/rl3494217217/,2 hr 1 min
Apollo 13,1995,https://www.boxofficemojo.com/release/rl1614972417/,2 hr 20 min
Toy Story,1995,https://www.boxofficemojo.com/release/rl1400342017/,1 hr 21 min
Pocahontas,1995,https://www.boxofficemojo.com/release/rl762021377/,1 hr 21 min
Ace Ventura: When Nature Calls,1995,https://www.boxofficemojo.com/release/rl121669121/,1 hr 30 min
Casper,1995,https://www.boxofficemojo.com/release/rl2923988481/,1 hr 40 min
Die Hard with a Vengeance,1995,https://www.boxofficemojo.com/release/rl3008333313/,2 hr 8 min
Crimson Tide,1995,https://www.boxofficemojo.com/release/rl1095599617/,1 hr 56 min
GoldenEye,1995,https://www.boxofficemojo.com/release/rl2622785025/,2 hr 10 min
Waterworld,1995,https://www.boxofficemojo.com/release/rl1987610113/,2 hr 15 min
Dangerous Minds,1995,https://www.boxofficemojo.com/release/rl709658113/,1 hr 39 min
Se7en,1995,https://www.boxofficemojo.com/release/rl1080985089/,2 hr 7 min
Congo,1995,https://www.boxofficemojo.com/release/rl3762980353/,1 hr 49 min
While You Were Sleeping,1995,https://www.boxofficemojo.com/release/rl846956033/,1 hr 43 min
Get Shorty,1995,https://www.boxofficemojo.com/release/rl3897918977/,1 hr 45 min
The Bridges of Madison County,1995,https://www.boxofficemojo.com/release/rl155813377/,2 hr 15 min
Mortal Kombat,1995,https://www.boxofficemojo.com/release/rl1264944641/,1 hr 41 min
Dumb and Dumber,1995,https://www.boxofficemojo.com/release/rl4014900737/,1 hr 47 min
Nine Months,1995,https://www.boxofficemojo.com/release/rl1734837761/,1 hr 43 min
Outbreak,1995,https://www.boxofficemojo.com/release/rl392791553/,2 hr 7 min
Independence Day,1996,https://www.boxofficemojo.com/release/rl2656798209/,2 hr 25 min
Twister,1996,https://www.boxofficemojo.com/release/rl1886815745/,1 hr 53 min
Mission: Impossible,1996,https://www.boxofficemojo.com/release/rl3680667137/,1 hr 50 min
The Rock,1996,https://www.boxofficemojo.com/release/rl3211560449/,2 hr 16 min
The Nutty Professor,1996,https://www.boxofficemojo.com/release/rl996574721/,1 hr 35 min
Ransom,1996,https://www.boxofficemojo.com/release/rl3261761025/,2 hr 1 min
The Birdcage,1996,https://www.boxofficemojo.com/release/rl1229424129/,1 hr 57 min
A Time to Kill,1996,https://www.boxofficemojo.com/release/rl3933505025/,2 hr 29 min
101 Dalmatians,1996,https://www.boxofficemojo.com/release/rl893486593/,1 hr 43 min
The First Wives Club,1996,https://www.boxofficemojo.com/release/rl4149446145/,1 hr 43 min
Eraser,1996,https://www.boxofficemojo.com/release/rl3578889729/,1 hr 55 min
Phenomenon,1996,https://www.boxofficemojo.com/release/rl1130923521/,2 hr 3 min
The Hunchback of Notre Dame,1996,https://www.boxofficemojo.com/release/rl4250437121/,1 hr 31 min
Star Trek: First Contact,1996,https://www.boxofficemojo.com/release/rl2826143233/,1 hr 51 min
Space Jam,1996,https://www.boxofficemojo.com/release/rl3849356801/,1 hr 28 min
Mr. Holland's Opus,1996,https://www.boxofficemojo.com/release/rl4284057089/,2 hr 23 min
Broken Arrow,1996,https://www.boxofficemojo.com/release/rl1850312193/,1 hr 48 min
Jerry Maguire,1996,https://www.boxofficemojo.com/release/rl912098817/,2 hr 19 min
The Cable Guy,1996,https://www.boxofficemojo.com/release/rl3276375553/,1 hr 36 min
Courage Under Fire,1996,https://www.boxofficemojo.com/release/rl5080577/,1 hr 56 min
Men in Black,1997,https://www.boxofficemojo.com/release/rl1264748033/,1 hr 38 min
The Lost World: Jurassic Park,1997,https://www.boxofficemojo.com/release/rl2405271041/,2 hr 9 min
Liar Liar,1997,https://www.boxofficemojo.com/release/rl1113490945/,1 hr 26 min
Air Force One,1997,https://www.boxofficemojo.com/release/rl2168489473/,2 hr 4 min
Star Wars: Episode IV - A New Hope,1997,https://www.boxofficemojo.com/release/rl3379725825/,2 hr 1 min
My Best Friend's Wedding,1997,https://www.boxofficemojo.com/release/rl291800577/,1 hr 45 min
Titanic,1997,https://www.boxofficemojo.com/release/rl3698624001/,3 hr 14 min
Face/Off,1997,https://www.boxofficemojo.com/release/rl2723186177/,2 hr 18 min
Batman & Robin,1997,https://www.boxofficemojo.com/release/rl3561326081/,2 hr 5 min
George of the Jungle,1997,https://www.boxofficemojo.com/release/rl2387969537/,1 hr 32 min
Con Air,1997,https://www.boxofficemojo.com/release/rl2253030913/,1 hr 55 min
Hercules,1997,https://www.boxofficemojo.com/release/rl240748033/,1 hr 33 min
Contact,1997,https://www.boxofficemojo.com/release/rl3578430977/,2 hr 30 min
Jerry Maguire,1997,https://www.boxofficemojo.com/release/rl912098817/,2 hr 19 min
Flubber,1997,https://www.boxofficemojo.com/release/rl659719681/,1 hr 33 min
Conspiracy Theory,1997,https://www.boxofficemojo.com/release/rl3746203137/,2 hr 15 min
Scream 2,1997,https://www.boxofficemojo.com/release/rl3597633025/,2 hr
Scream,1997,https://www.boxofficemojo.com/release/rl3580855809/,1 hr 51 min
Tomorrow Never Dies,1997,https://www.boxofficemojo.com/release/rl3597960705/,1 hr 59 min
I Know What You Did Last Summer,1997,https://www.boxofficemojo.com/release/rl224101889/,1 hr 41 min
Titanic,1998,https://www.boxofficemojo.com/release/rl3698624001/,3 hr 14 min
Armageddon,1998,https://www.boxofficemojo.com/release/rl2973926913/,2 hr 31 min
Saving Private Ryan,1998,https://www.boxofficemojo.com/release/rl3396044289/,2 hr 49 min
There's Something About Mary,1998,https://www.boxofficemojo.com/release/rl172000769/,1 hr 59 min
The Waterboy,1998,https://www.boxofficemojo.com/release/rl2037941761/,1 hr 30 min
Doctor Dolittle,1998,https://www.boxofficemojo.com/release/rl1145996801/,1 hr 25 min
Deep Impact,1998,https://www.boxofficemojo.com/release/rl3444344321/,2 hr
Godzilla,1998,https://www.boxofficemojo.com/release/rl2975106561/,2 hr 19 min
Rush Hour,1998,https://www.boxofficemojo.com/release/rl577734145/,1 hr 38 min
Good Will Hunting,1998,https://www.boxofficemojo.com/release/rl3428091393/,2 hr 6 min
Lethal Weapon 4,1998,https://www.boxofficemojo.com/release/rl1633584641/,2 hr 7 min
A Bug's Life,1998,https://www.boxofficemojo.com/release/rl2420737537/,1 hr 35 min
The Truman Show,1998,https://www.boxofficemojo.com/release/rl3229058561/,1 hr 43 min
As Good as It Gets,1998,https://www.boxofficemojo.com/release/rl2185397761/,2 hr 19 min
Mulan,1998,https://www.boxofficemojo.com/release/rl3664086529/,1 hr 28 min
The Mask of Zorro,1998,https://www.boxofficemojo.com/release/rl2573436417/,2 hr 16 min
Enemy of the State,1998,https://www.boxofficemojo.com/release/rl3914434049/,2 hr 12 min
Antz,1998,https://www.boxofficemojo.com/release/rl2051180033/,1 hr 23 min
The Rugrats Movie,1998,https://www.boxofficemojo.com/release/rl3597436417/,1 hr 19 min
The X Files,1998,https://www.boxofficemojo.com/release/rl1534756353/,2 hr 1 min
Star Wars: Episode I - The Phantom Menace,1999,https://www.boxofficemojo.com/release/rl2742257153/,2 hr 16 min
The Sixth Sense,1999,https://www.boxofficemojo.com/release/rl3527509505/,1 hr 47 min
Austin Powers: The Spy Who Shagged Me,1999,https://www.boxofficemojo.com/release/rl3343025665/,1 hr 35 min
Toy Story 2,1999,https://www.boxofficemojo.com/release/rl1417119233/,1 hr 32 min
The Matrix,1999,https://www.boxofficemojo.com/release/rl2271446529/,2 hr 16 min
Tarzan,1999,https://www.boxofficemojo.com/release/rl2742388225/,1 hr 28 min
Big Daddy,1999,https://www.boxofficemojo.com/release/rl457672193/,1 hr 33 min
The Mummy,1999,https://www.boxofficemojo.com/release/rl3546646017/,2 hr 4 min
Runaway Bride,1999,https://www.boxofficemojo.com/release/rl3295446529/,1 hr 56 min
The Blair Witch Project,1999,https://www.boxofficemojo.com/release/rl2269611521/,1 hr 21 min
Notting Hill,1999,https://www.boxofficemojo.com/release/rl4016539137/,2 hr 4 min
The World Is Not Enough,1999,https://www.boxofficemojo.com/release/rl3598419457/,2 hr 8 min
Double Jeopardy,1999,https://www.boxofficemojo.com/release/rl105809409/,1 hr 45 min
Wild Wild West,1999,https://www.boxofficemojo.com/release/rl3011216897/,1 hr 46 min
Analyze This,1999,https://www.boxofficemojo.com/release/rl3947070977/,1 hr 43 min
The General's Daughter,1999,https://www.boxofficemojo.com/release/rl2622850561/,1 hr 56 min
American Pie,1999,https://www.boxofficemojo.com/release/rl2588116481/,1 hr 35 min
Inspector Gadget,1999,https://www.boxofficemojo.com/release/rl3311109633/,1 hr 18 min
Shakespeare in Love,1999,https://www.boxofficemojo.com/release/rl2188281345/,2 hr 3 min
Sleepy Hollow,1999,https://www.boxofficemojo.com/release/rl3480323585/,1 hr 45 min
How the Grinch Stole Christmas,2000,https://www.boxofficemojo.com/release/rl3059189249/,1 hr 44 min
Mission: Impossible II,2000,https://www.boxofficemojo.com/release/rl1600292353/,2 hr 3 min
Gladiator,2000,https://www.boxofficemojo.com/release/rl2136245761/,2 hr 35 min
The Perfect Storm,2000,https://www.boxofficemojo.com/release/rl661161473/,2 hr 10 min
Meet the Parents,2000,https://www.boxofficemojo.com/release/rl677545473/,1 hr 48 min
X-Men,2000,https://www.boxofficemojo.com/release/rl1383761409/,1 hr 44 min
Scary Movie,2000,https://www.boxofficemojo.com/release/rl4033840641/,1 hr 28 min
What Lies Beneath,2000,https://www.boxofficemojo.com/release/rl4084762113/,2 hr 10 min
Dinosaur,2000,https://www.boxofficemojo.com/release/rl2605680129/,1 hr 22 min
Erin Brockovich,2000,https://www.boxofficemojo.com/release/rl3612444161/,2 hr 11 min
Nutty Professor II: The Klumps,2000,https://www.boxofficemojo.com/release/rl2388428289/,1 hr 46 min
Charlie's Angels,2000,https://www.boxofficemojo.com/release/rl608929281/,1 hr 38 min
Big Momma's House,2000,https://www.boxofficemojo.com/release/rl38241793/,1 hr 39 min
Remember the Titans,2000,https://www.boxofficemojo.com/release/rl2892858881/,1 hr 53 min
The Patriot,2000,https://www.boxofficemojo.com/release/rl3244918273/,2 hr 45 min
What Women Want,2000,https://www.boxofficemojo.com/release/rl3849881089/,2 hr 7 min
Chicken Run,2000,https://www.boxofficemojo.com/release/rl1649116673/,1 hr 24 min
Gone in 60 Seconds,2000,https://www.boxofficemojo.com/release/rl2203354625/,1 hr 58 min
Cast Away,2000,https://www.boxofficemojo.com/release/rl2772993537/,2 hr 23 min
"Me, Myself & Irene",2000,https://www.boxofficemojo.com/release/rl274892289/,1 hr 56 min
Harry Potter and the Sorcerer's Stone,2001,https://www.boxofficemojo.com/release/rl1416332801/,2 hr 32 min
Shrek,2001,https://www.boxofficemojo.com/release/rl7439873/,1 hr 30 min
"Monsters, Inc.",2001,https://www.boxofficemojo.com/release/rl2070251009/,1 hr 32 min
Rush Hour 2,2001,https://www.boxofficemojo.com/release/rl795837953/,1 hr 30 min
The Mummy Returns,2001,https://www.boxofficemojo.com/release/rl3580200449/,2 hr 10 min
Pearl Harbor,2001,https://www.boxofficemojo.com/release/rl543720961/,3 hr 3 min
Jurassic Park III,2001,https://www.boxofficemojo.com/release/rl3210577409/,1 hr 32 min
Planet of the Apes,2001,https://www.boxofficemojo.com/release/rl3379070465/,1 hr 59 min
Hannibal,2001,https://www.boxofficemojo.com/release/rl357991937/,2 hr 11 min
The Lord of the Rings: The Fellowship of the Ring,2001,https://www.boxofficemojo.com/release/rl4200695297/,2 hr 58 min
American Pie 2,2001,https://www.boxofficemojo.com/release/rl2604893697/,1 hr 48 min
The Fast and the Furious,2001,https://www.boxofficemojo.com/release/rl928220673/,1 hr 46 min
Ocean's Eleven,2001,https://www.boxofficemojo.com/release/rl409372161/,1 hr 56 min
Lara Croft: Tomb Raider,2001,https://www.boxofficemojo.com/release/rl1767867905/,1 hr 40 min
Traffic,2001,https://www.boxofficemojo.com/release/rl1115129345/,2 hr 27 min
Cast Away,2001,https://www.boxofficemojo.com/release/rl2772993537/,2 hr 23 min
"Crouching Tiger, Hidden Dragon",2001,https://www.boxofficemojo.com/release/rl2739766785/,2 hr
Dr. Dolittle 2,2001,https://www.boxofficemojo.com/release/rl1112442369/,1 hr 27 min
Spy Kids,2001,https://www.boxofficemojo.com/release/rl1903396353/,1 hr 28 min
The Princess Diaries,2001,https://www.boxofficemojo.com/release/rl4033578497/,1 hr 51 min
Spider-Man,2002,https://www.boxofficemojo.com/release/rl678659585/,2 hr 1 min
Star Wars: Episode II - Attack of the Clones,2002,https://www.boxofficemojo.com/release/rl2809366017/,2 hr 22 min
Harry Potter and the Chamber of Secrets,2002,https://www.boxofficemojo.com/release/rl1433110017/,2 hr 41 min
Signs,2002,https://www.boxofficemojo.com/release/rl1685161473/,1 hr 46 min
My Big Fat Greek Wedding,2002,https://www.boxofficemojo.com/release/rl342132225/,1 hr 35 min
The Lord of the Rings: The Two Towers,2002,https://www.boxofficemojo.com/release/rl4032923137/,2 hr 59 min
Austin Powers in Goldmember,2002,https://www.boxofficemojo.com/release/rl944080385/,1 hr 34 min
Men in Black II,2002,https://www.boxofficemojo.com/release/rl1281525249/,1 hr 28 min
Ice Age,2002,https://www.boxofficemojo.com/release/rl3277358593/,1 hr 21 min
A Beautiful Mind,2002,https://www.boxofficemojo.com/release/rl21399041/,2 hr 15 min
Scooby-Doo,2002,https://www.boxofficemojo.com/release/rl3631187457/,1 hr 29 min
The Lord of the Rings: The Fellowship of the Ring,2002,https://www.boxofficemojo.com/release/rl4200695297/,2 hr 58 min
Die Another Day,2002,https://www.boxofficemojo.com/release/rl2974778881/,2 hr 13 min
Lilo & Stitch,2002,https://www.boxofficemojo.com/release/rl3898508801/,1 hr 25 min
xXx,2002,https://www.boxofficemojo.com/release/rl1450870273/,2 hr 4 min
The Santa Clause 2,2002,https://www.boxofficemojo.com/release/rl1097827841/,1 hr 44 min
Minority Report,2002,https://www.boxofficemojo.com/release/rl4200760833/,2 hr 25 min
The Ring,2002,https://www.boxofficemojo.com/release/rl476874241/,1 hr 55 min
Mr. Deeds,2002,https://www.boxofficemojo.com/release/rl2540013057/,1 hr 36 min
Sweet Home Alabama,2002,https://www.boxofficemojo.com/release/rl846562817/,1 hr 48 min
Finding Nemo,2003,https://www.boxofficemojo.com/release/rl2723382785/,1 hr 40 min
Pirates of the Caribbean: The Curse of the Black Pearl,2003,https://www.boxofficemojo.com/release/rl4134045185/,2 hr 23 min
The Matrix Reloaded,2003,https://www.boxofficemojo.com/release/rl4167271937/,2 hr 18 min
The Lord of the Rings: The Return of the King,2003,https://www.boxofficemojo.com/release/rl4251026945/,3 hr 21 min
Bruce Almighty,2003,https://www.boxofficemojo.com/release/rl3142157825/,1 hr 41 min
X2: X-Men United,2003,https://www.boxofficemojo.com/release/rl1736082945/,2 hr 14 min
Elf,2003,https://www.boxofficemojo.com/release/rl1263633921/,1 hr 37 min
Chicago,2003,https://www.boxofficemojo.com/release/rl1816888833/,1 hr 53 min
Terminator 3: Rise of the Machines,2003,https://www.boxofficemojo.com/release/rl3413476865/,1 hr 49 min
Bad Boys II,2003,https://www.boxofficemojo.com/release/rl1732609537/,2 hr 27 min
The Matrix Revolutions,2003,https://www.boxofficemojo.com/release/rl4234380801/,2 hr 9 min
Anger Management,2003,https://www.boxofficemojo.com/release/rl3259205121/,1 hr 46 min
Bringing Down the House,2003,https://www.boxofficemojo.com/release/rl2068416001/,1 hr 45 min
Hulk,2003,https://www.boxofficemojo.com/release/rl2488829441/,2 hr 18 min
2 Fast 2 Furious,2003,https://www.boxofficemojo.com/release/rl1178699265/,1 hr 47 min
The Lord of the Rings: The Two Towers,2003,https://www.boxofficemojo.com/release/rl4032923137/,2 hr 59 min
Seabiscuit,2003,https://www.boxofficemojo.com/release/rl3312420353/,2 hr 20 min
S.W.A.T.,2003,https://www.boxofficemojo.com/release/rl3279062529/,1 hr 57 min
Spy Kids 3-D: Game Over,2003,https://www.boxofficemojo.com/release/rl1936950785/,1 hr 24 min
Freaky Friday,2003,https://www.boxofficemojo.com/release/rl4048717313/,1 hr 37 min
Shrek 2,2004,https://www.boxofficemojo.com/release/rl24217089/,1 hr 33 min
Spider-Man 2,2004,https://www.boxofficemojo.com/release/rl896763393/,2 hr 7 min
The Passion of the Christ,2004,https://www.boxofficemojo.com/release/rl3781789185/,2 hr 7 min
Harry Potter and the Prisoner of Azkaban,2004,https://www.boxofficemojo.com/release/rl1449887233/,2 hr 22 min
The Incredibles,2004,https://www.boxofficemojo.com/release/rl2807793153/,1 hr 55 min
The Day After Tomorrow,2004,https://www.boxofficemojo.com/release/rl1716291073/,2 hr 4 min
The Bourne Supremacy,2004,https://www.boxofficemojo.com/release/rl2487649793/,1 hr 48 min
Shark Tale,2004,https://www.boxofficemojo.com/release/rl3933111809/,1 hr 30 min
The Polar Express,2004,https://www.boxofficemojo.com/release/rl292259329/,1 hr 40 min
National Treasure,2004,https://www.boxofficemojo.com/release/rl2321843713/,2 hr 11 min
"I, Robot",2004,https://www.boxofficemojo.com/release/rl1616545281/,1 hr 55 min
Troy,2004,https://www.boxofficemojo.com/release/rl3698820609/,2 hr 43 min
Meet the Fockers,2004,https://www.boxofficemojo.com/release/rl862094849/,1 hr 55 min
The Lord of the Rings: The Return of the King,2004,https://www.boxofficemojo.com/release/rl4251026945/,3 hr 21 min
50 First Dates,2004,https://www.boxofficemojo.com/release/rl3963717121/,1 hr 39 min
Van Helsing,2004,https://www.boxofficemojo.com/release/rl175736321/,2 hr 11 min
Fahrenheit 9/11,2004,https://www.boxofficemojo.com/release/rl2672854529/,2 hr 2 min
Dodgeball,2004,https://www.boxofficemojo.com/release/rl3578758657/,1 hr 32 min
The Village,2004,https://www.boxofficemojo.com/release/rl1132037633/,1 hr 48 min
The Grudge,2004,https://www.boxofficemojo.com/release/rl2639758849/,1 hr 31 min
Star Wars: Episode III - Revenge of the Sith,2005,https://www.boxofficemojo.com/release/rl2943583745/,2 hr 20 min
Harry Potter and the Goblet of Fire,2005,https://www.boxofficemojo.com/release/rl1466664449/,2 hr 37 min
War of the Worlds,2005,https://www.boxofficemojo.com/release/rl544769537/,1 hr 56 min
"The Chronicles of Narnia: The Lion, the Witch and the Wardrobe",2005,https://www.boxofficemojo.com/release/rl2623833601/,2 hr 23 min
Wedding Crashers,2005,https://www.boxofficemojo.com/release/rl1282967041/,1 hr 59 min
Charlie and the Chocolate Factory,2005,https://www.boxofficemojo.com/release/rl659260929/,1 hr 55 min
Batman Begins,2005,https://www.boxofficemojo.com/release/rl3510994433/,2 hr 20 min
Madagascar,2005,https://www.boxofficemojo.com/release/rl1398834689/,1 hr 26 min
Mr. & Mrs. Smith,2005,https://www.boxofficemojo.com/release/rl2238023169/,2 hr
Hitch,2005,https://www.boxofficemojo.com/release/rl2606335489/,1 hr 58 min
King Kong,2005,https://www.boxofficemojo.com/release/rl1331463681/,3 hr 7 min
The Longest Yard,2005,https://www.boxofficemojo.com/release/rl1298236929/,1 hr 53 min
Fantastic Four,2005,https://www.boxofficemojo.com/release/rl3662710273/,1 hr 46 min
Meet the Fockers,2005,https://www.boxofficemojo.com/release/rl862094849/,1 hr 55 min
Chicken Little,2005,https://www.boxofficemojo.com/release/rl1615562241/,1 hr 21 min
Robots,2005,https://www.boxofficemojo.com/release/rl1231848961/,1 hr 31 min
The Pacifier,2005,https://www.boxofficemojo.com/release/rl1416201729/,1 hr 35 min
The 40-Year-Old Virgin,2005,https://www.boxofficemojo.com/release/rl4165043713/,1 hr 56 min
Million Dollar Baby,2005,https://www.boxofficemojo.com/release/rl2288158209/,2 hr 12 min
Walk the Line,2005,https://www.boxofficemojo.com/release/rl3665397249/,2 hr 16 min
Pirates of the Caribbean: Dead Man's Chest,2006,https://www.boxofficemojo.com/release/rl4083713537/,2 hr 31 min
Cars,2006,https://www.boxofficemojo.com/release/rl1195935233/,1 hr 57 min
X-Men: The Last Stand,2006,https://www.boxofficemojo.com/release/rl1484424705/,1 hr 44 min
The Da Vinci Code,2006,https://www.boxofficemojo.com/release/rl1632404993/,2 hr 29 min
Superman Returns,2006,https://www.boxofficemojo.com/release/rl4067591681/,2 hr 34 min
Ice Age: The Meltdown,2006,https://www.boxofficemojo.com/release/rl3294135809/,1 hr 31 min
Happy Feet,2006,https://www.boxofficemojo.com/release/rl2069267969/,1 hr 48 min
Over the Hedge,2006,https://www.boxofficemojo.com/release/rl1785300481/,1 hr 23 min
Casino Royale,2006,https://www.boxofficemojo.com/release/rl3428484609/,2 hr 24 min
Talladega Nights: The Ballad of Ricky Bobby,2006,https://www.boxofficemojo.com/release/rl2422507009/,1 hr 48 min
Click,2006,https://www.boxofficemojo.com/release/rl541754881/,1 hr 47 min
Mission: Impossible III,2006,https://www.boxofficemojo.com/release/rl1348634113/,2 hr 6 min
Borat: Cultural Learnings of America for Make Benefit Glorious Nation of Kazakhstan,2006,https://www.boxofficemojo.com/release/rl2990966273/,1 hr 24 min
The Devil Wears Prada,2006,https://www.boxofficemojo.com/release/rl1481606657/,1 hr 49 min
The Departed,2006,https://www.boxofficemojo.com/release/rl508528129/,2 hr 31 min
The Break-Up,2006,https://www.boxofficemojo.com/release/rl894010881/,1 hr 46 min
Night at the Museum,2006,https://www.boxofficemojo.com/release/rl2103936513/,1 hr 48 min
The Pursuit of Happyness,2006,https://www.boxofficemojo.com/release/rl1349158401/,1 hr 57 min
Scary Movie 4,2006,https://www.boxofficemojo.com/release/rl4084172289/,1 hr 23 min
Failure to Launch,2006,https://www.boxofficemojo.com/release/rl2421196289/,1 hr 37 min
Spider-Man 3,2007,https://www.boxofficemojo.com/release/rl913540609/,2 hr 19 min
Shrek the Third,2007,https://www.boxofficemojo.com/release/rl40994305/,1 hr 33 min
Transformers,2007,https://www.boxofficemojo.com/release/rl3010954753/,2 hr 24 min
Pirates of the Caribbean: At World's End,2007,https://www.boxofficemojo.com/release/rl4100490753/,2 hr 49 min
Harry Potter and the Order of the Phoenix,2007,https://www.boxofficemojo.com/release/rl1215006209/,2 hr 18 min
The Bourne Ultimatum,2007,https://www.boxofficemojo.com/release/rl2504427009/,1 hr 55 min
300,2007,https://www.boxofficemojo.com/release/rl3191965185/,1 hr 57 min
Ratatouille,2007,https://www.boxofficemojo.com/release/rl846038529/,1 hr 51 min
I Am Legend,2007,https://www.boxofficemojo.com/release/rl3394799105/,1 hr 41 min
The Simpsons Movie,2007,https://www.boxofficemojo.com/release/rl3195110913/,1 hr 27 min
Wild Hogs,2007,https://www.boxofficemojo.com/release/rl1098614273/,1 hr 40 min
Knocked Up,2007,https://www.boxofficemojo.com/release/rl4183590401/,2 hr 9 min
Alvin and the Chipmunks,2007,https://www.boxofficemojo.com/release/rl1799587329/,1 hr 32 min
Rush Hour 3,2007,https://www.boxofficemojo.com/release/rl560956929/,1 hr 31 min
Night at the Museum,2007,https://www.boxofficemojo.com/release/rl2103936513/,1 hr 48 min
Live Free or Die Hard,2007,https://www.boxofficemojo.com/release/rl3025110529/,2 hr 8 min
National Treasure: Book of Secrets,2007,https://www.boxofficemojo.com/release/rl2338620929/,2 hr 4 min
Fantastic 4: Rise of the Silver Surfer,2007,https://www.boxofficemojo.com/release/rl3679487489/,1 hr 32 min
American Gangster,2007,https://www.boxofficemojo.com/release/rl1195607553/,2 hr 37 min
Bee Movie,2007,https://www.boxofficemojo.com/release/rl1984202241/,1 hr 31 min
The Dark Knight,2008,https://www.boxofficemojo.com/release/rl3729098241/,2 hr 32 min
Iron Man,2008,https://www.boxofficemojo.com/release/rl1482327553/,2 hr 6 min
Indiana Jones and the Kingdom of the Crystal Skull,2008,https://www.boxofficemojo.com/release/rl2321253889/,2 hr 2 min
Hancock,2008,https://www.boxofficemojo.com/release/rl746030593/,1 hr 32 min
WALLÂ·E,2008,https://www.boxofficemojo.com/release/rl3615065601/,1 hr 38 min
Kung Fu Panda,2008,https://www.boxofficemojo.com/release/rl3562833409/,1 hr 32 min
Madagascar: Escape 2 Africa,2008,https://www.boxofficemojo.com/release/rl1382057473/,1 hr 29 min
Twilight,2008,https://www.boxofficemojo.com/release/rl58099201/,2 hr 2 min
Quantum of Solace,2008,https://www.boxofficemojo.com/release/rl3445261825/,1 hr 46 min
Horton Hears a Who!,2008,https://www.boxofficemojo.com/release/rl509117953/,1 hr 26 min
Sex and the City,2008,https://www.boxofficemojo.com/release/rl3211691521/,2 hr 25 min
Mamma Mia!,2008,https://www.boxofficemojo.com/release/rl3697313281/,1 hr 48 min
The Chronicles of Narnia: Prince Caspian,2008,https://www.boxofficemojo.com/release/rl2640610817/,2 hr 30 min
The Incredible Hulk,2008,https://www.boxofficemojo.com/release/rl2791015937/,1 hr 52 min
Wanted,2008,https://www.boxofficemojo.com/release/rl3329852929/,1 hr 50 min
Get Smart,2008,https://www.boxofficemojo.com/release/rl3914696193/,1 hr 50 min
Juno,2008,https://www.boxofficemojo.com/release/rl2539488769/,1 hr 36 min
Four Christmases,2008,https://www.boxofficemojo.com/release/rl2689762817/,1 hr 28 min
Tropic Thunder,2008,https://www.boxofficemojo.com/release/rl3782706689/,1 hr 47 min
Bolt,2008,https://www.boxofficemojo.com/release/rl1531348481/,1 hr 36 min
Transformers: Revenge of the Fallen,2009,https://www.boxofficemojo.com/release/rl3027731969/,2 hr 29 min
Harry Potter and the Half-Blood Prince,2009,https://www.boxofficemojo.com/release/rl1231783425/,2 hr 33 min
Up,2009,https://www.boxofficemojo.com/release/rl3245770241/,1 hr 36 min
The Twilight Saga: New Moon,2009,https://www.boxofficemojo.com/release/rl3479471617/,2 hr 10 min
Avatar,2009,https://www.boxofficemojo.com/release/rl876971521/,2 hr 42 min
The Hangover,2009,https://www.boxofficemojo.com/release/rl643204609/,1 hr 40 min
Star Trek,2009,https://www.boxofficemojo.com/release/rl2876474881/,2 hr 7 min
Monsters vs. Aliens,2009,https://www.boxofficemojo.com/release/rl224757249/,1 hr 34 min
Ice Age: Dawn of the Dinosaurs,2009,https://www.boxofficemojo.com/release/rl3310913025/,1 hr 34 min
The Blind Side,2009,https://www.boxofficemojo.com/release/rl3796338177/,2 hr 9 min
X-Men Origins: Wolverine,2009,https://www.boxofficemojo.com/release/rl3262875137/,1 hr 47 min
Night at the Museum: Battle of the Smithsonian,2009,https://www.boxofficemojo.com/release/rl2070382081/,1 hr 45 min
The Proposal,2009,https://www.boxofficemojo.com/release/rl577406465/,1 hr 48 min
2012,2009,https://www.boxofficemojo.com/release/rl1833010689/,2 hr 38 min
Fast & Furious,2009,https://www.boxofficemojo.com/release/rl693339649/,1 hr 47 min
G.I. Joe: The Rise of Cobra,2009,https://www.boxofficemojo.com/release/rl1062503937/,1 hr 58 min
Paul Blart: Mall Cop,2009,https://www.boxofficemojo.com/release/rl4016080385/,1 hr 31 min
Taken,2009,https://www.boxofficemojo.com/release/rl1635091969/,1 hr 30 min
Gran Torino,2009,https://www.boxofficemojo.com/release/rl240616961/,1 hr 56 min
A Christmas Carol,2009,https://www.boxofficemojo.com/release/rl2605417985/,1 hr 36 min
Avatar,2010,https://www.boxofficemojo.com/release/rl876971521/,2 hr 42 min
Toy Story 3,2010,https://www.boxofficemojo.com/release/rl1383564801/,1 hr 43 min
Alice in Wonderland,2010,https://www.boxofficemojo.com/release/rl3393226241/,1 hr 48 min
Iron Man 2,2010,https://www.boxofficemojo.com/release/rl1515881985/,2 hr 4 min
The Twilight Saga: Eclipse,2010,https://www.boxofficemojo.com/release/rl659654145/,2 hr 4 min
Inception,2010,https://www.boxofficemojo.com/release/rl2908456449/,2 hr 28 min
Harry Potter and the Deathly Hallows: Part 1,2010,https://www.boxofficemojo.com/release/rl1248560641/,2 hr 26 min
Despicable Me,2010,https://www.boxofficemojo.com/release/rl2018477569/,1 hr 35 min
Shrek Forever After,2010,https://www.boxofficemojo.com/release/rl57771521/,1 hr 33 min
How to Train Your Dragon,2010,https://www.boxofficemojo.com/release/rl2908259841/,1 hr 38 min
The Karate Kid,2010,https://www.boxofficemojo.com/release/rl3361572353/,2 hr 20 min
Clash of the Titans,2010,https://www.boxofficemojo.com/release/rl961185281/,1 hr 46 min
Grown Ups,2010,https://www.boxofficemojo.com/release/rl1466926593/,1 hr 42 min
Tangled,2010,https://www.boxofficemojo.com/release/rl980256257/,1 hr 40 min
Megamind,2010,https://www.boxofficemojo.com/release/rl2455995905/,1 hr 35 min
The Last Airbender,2010,https://www.boxofficemojo.com/release/rl1516209665/,1 hr 43 min
Shutter Island,2010,https://www.boxofficemojo.com/release/rl2020705793/,2 hr 18 min
The Other Guys,2010,https://www.boxofficemojo.com/release/rl1783858689/,1 hr 47 min
Salt,2010,https://www.boxofficemojo.com/release/rl1651475969/,1 hr 40 min
TRON: Legacy,2010,https://www.boxofficemojo.com/release/rl4000810497/,2 hr 5 min
Harry Potter and the Deathly Hallows: Part 2,2011,https://www.boxofficemojo.com/release/rl1265337857/,2 hr 10 min
Transformers: Dark of the Moon,2011,https://www.boxofficemojo.com/release/rl2977400321/,2 hr 34 min
The Twilight Saga: Breaking Dawn - Part 1,2011,https://www.boxofficemojo.com/release/rl3292956161/,1 hr 57 min
The Hangover Part II,2011,https://www.boxofficemojo.com/release/rl408323585/,1 hr 42 min
Pirates of the Caribbean: On Stranger Tides,2011,https://www.boxofficemojo.com/release/rl4117267969/,2 hr 17 min
Fast Five,2011,https://www.boxofficemojo.com/release/rl877889025/,2 hr 10 min
Cars 2,2011,https://www.boxofficemojo.com/release/rl3091760641/,1 hr 46 min
Thor,2011,https://www.boxofficemojo.com/release/rl3094644225/,1 hr 55 min
Rise of the Planet of the Apes,2011,https://www.boxofficemojo.com/release/rl225216001/,1 hr 45 min
Captain America: The First Avenger,2011,https://www.boxofficemojo.com/release/rl1900578305/,2 hr 4 min
The Help,2011,https://www.boxofficemojo.com/release/rl626624001/,2 hr 26 min
Bridesmaids,2011,https://www.boxofficemojo.com/release/rl2000848385/,2 hr 5 min
Kung Fu Panda 2,2011,https://www.boxofficemojo.com/release/rl3579610625/,1 hr 30 min
X-Men: First Class,2011,https://www.boxofficemojo.com/release/rl1434093057/,2 hr 11 min
Puss in Boots,2011,https://www.boxofficemojo.com/release/rl1214940673/,1 hr 30 min
Rio,2011,https://www.boxofficemojo.com/release/rl292324865/,1 hr 36 min
The Smurfs,2011,https://www.boxofficemojo.com/release/rl292587009/,1 hr 43 min
Super 8,2011,https://www.boxofficemojo.com/release/rl2255652353/,1 hr 52 min
Sherlock Holmes: A Game of Shadows,2011,https://www.boxofficemojo.com/release/rl3614344705/,2 hr 9 min
Rango,2011,https://www.boxofficemojo.com/release/rl3479864833/,1 hr 47 min
The Avengers,2012,https://www.boxofficemojo.com/release/rl709199361/,2 hr 23 min
The Dark Knight Rises,2012,https://www.boxofficemojo.com/release/rl3745875457/,2 hr 44 min
The Hunger Games,2012,https://www.boxofficemojo.com/release/rl4049110529/,2 hr 22 min
Skyfall,2012,https://www.boxofficemojo.com/release/rl1346799105/,2 hr 23 min
The Twilight Saga: Breaking Dawn - Part 2,2012,https://www.boxofficemojo.com/release/rl3276178945/,1 hr 55 min
The Amazing Spider-Man,2012,https://www.boxofficemojo.com/release/rl930317825/,2 hr 16 min
Brave,2012,https://www.boxofficemojo.com/release/rl910460417/,1 hr 33 min
The Hobbit: An Unexpected Journey,2012,https://www.boxofficemojo.com/release/rl2321122817/,2 hr 49 min
Ted,2012,https://www.boxofficemojo.com/release/rl2255848961/,1 hr 46 min
Madagascar 3: Europe's Most Wanted,2012,https://www.boxofficemojo.com/release/rl1415611905/,1 hr 35 min
The Lorax,2012,https://www.boxofficemojo.com/release/rl2858518017/,1 hr 26 min
Men in Black 3,2012,https://www.boxofficemojo.com/release/rl1298302465/,1 hr 46 min
Wreck-It Ralph,2012,https://www.boxofficemojo.com/release/rl242058753/,1 hr 41 min
Ice Age: Continental Drift,2012,https://www.boxofficemojo.com/release/rl3327690241/,1 hr 28 min
Snow White and the Huntsman,2012,https://www.boxofficemojo.com/release/rl2054194689/,2 hr 7 min
Hotel Transylvania,2012,https://www.boxofficemojo.com/release/rl5801473/,1 hr 31 min
Taken 2,2012,https://www.boxofficemojo.com/release/rl1651869185/,1 hr 32 min
21 Jump Street,2012,https://www.boxofficemojo.com/release/rl1564575233/,1 hr 49 min
Lincoln,2012,https://www.boxofficemojo.com/release/rl3814622721/,2 hr 30 min
Prometheus,2012,https://www.boxofficemojo.com/release/rl1063945729/,2 hr 4 min
Iron Man 3,2013,https://www.boxofficemojo.com/release/rl1532659201/,2 hr 10 min
The Hunger Games: Catching Fire,2013,https://www.boxofficemojo.com/release/rl2638775809/,2 hr 26 min
Despicable Me 2,2013,https://www.boxofficemojo.com/release/rl105874945/,1 hr 38 min
Man of Steel,2013,https://www.boxofficemojo.com/release/rl4034037249/,2 hr 23 min
Monsters University,2013,https://www.boxofficemojo.com/release/rl1919256065/,1 hr 44 min
Frozen,2013,https://www.boxofficemojo.com/release/rl357926401/,1 hr 42 min
Gravity,2013,https://www.boxofficemojo.com/release/rl89622017/,1 hr 31 min
Fast & Furious 6,2013,https://www.boxofficemojo.com/release/rl1028883969/,2 hr 10 min
Oz The Great and Powerful,2013,https://www.boxofficemojo.com/release/rl1567196673/,2 hr 10 min
Star Trek Into Darkness,2013,https://www.boxofficemojo.com/release/rl2893252097/,2 hr 12 min
Thor: The Dark World,2013,https://www.boxofficemojo.com/release/rl3111421441/,1 hr 52 min
World War Z,2013,https://www.boxofficemojo.com/release/rl2038072833/,1 hr 56 min
The Hobbit: The Desolation of Smaug,2013,https://www.boxofficemojo.com/release/rl2337900033/,2 hr 41 min
The Croods,2013,https://www.boxofficemojo.com/release/rl3192751617/,1 hr 38 min
The Heat,2013,https://www.boxofficemojo.com/release/rl2185856513/,1 hr 57 min
We're the Millers,2013,https://www.boxofficemojo.com/release/rl2558035457/,1 hr 50 min
The Great Gatsby,2013,https://www.boxofficemojo.com/release/rl2706736641/,2 hr 23 min
The Conjuring,2013,https://www.boxofficemojo.com/release/rl3830089217/,1 hr 52 min
Identity Thief,2013,https://www.boxofficemojo.com/release/rl777750017/,1 hr 51 min
Grown Ups 2,2013,https://www.boxofficemojo.com/release/rl2589427201/,1 hr 41 min
Guardians of the Galaxy,2014,https://www.boxofficemojo.com/release/rl3177416193/,2 hr 1 min
The Hunger Games: Mockingjay - Part 1,2014,https://www.boxofficemojo.com/release/rl4283991553/,2 hr 3 min
Captain America: The Winter Soldier,2014,https://www.boxofficemojo.com/release/rl3194193409/,2 hr 16 min
The Lego Movie,2014,https://www.boxofficemojo.com/release/rl643728897/,1 hr 40 min
Transformers: Age of Extinction,2014,https://www.boxofficemojo.com/release/rl2960623105/,2 hr 45 min
Maleficent,2014,https://www.boxofficemojo.com/release/rl3915417089/,1 hr 37 min
X-Men: Days of Future Past,2014,https://www.boxofficemojo.com/release/rl1400538625/,2 hr 12 min
Dawn of the Planet of the Apes,2014,https://www.boxofficemojo.com/release/rl1649182209/,2 hr 10 min
Big Hero 6,2014,https://www.boxofficemojo.com/release/rl4283401729/,1 hr 42 min
The Amazing Spider-Man 2,2014,https://www.boxofficemojo.com/release/rl846431745/,2 hr 22 min
Godzilla,2014,https://www.boxofficemojo.com/release/rl3193210369/,2 hr 3 min
22 Jump Street,2014,https://www.boxofficemojo.com/release/rl1581352449/,1 hr 52 min
Teenage Mutant Ninja Turtles,2014,https://www.boxofficemojo.com/release/rl3514074625/,1 hr 41 min
The Hobbit: The Battle of the Five Armies,2014,https://www.boxofficemojo.com/release/rl2354677249/,2 hr 24 min
Interstellar,2014,https://www.boxofficemojo.com/release/rl744130049/,2 hr 49 min
How to Train Your Dragon 2,2014,https://www.boxofficemojo.com/release/rl2589492737/,1 hr 42 min
Gone Girl,2014,https://www.boxofficemojo.com/release/rl2186577409/,2 hr 29 min
Divergent,2014,https://www.boxofficemojo.com/release/rl3763308033/,2 hr 19 min
Neighbors,2014,https://www.boxofficemojo.com/release/rl1719109121/,1 hr 37 min
Frozen,2014,https://www.boxofficemojo.com/release/rl357926401/,1 hr 42 min
Jurassic World,2015,https://www.boxofficemojo.com/release/rl2371716609/,2 hr 4 min
Star Wars: Episode VII - The Force Awakens,2015,https://www.boxofficemojo.com/release/rl2691925505/,2 hr 18 min
Avengers: Age of Ultron,2015,https://www.boxofficemojo.com/release/rl675644929/,2 hr 21 min
Inside Out,2015,https://www.boxofficemojo.com/release/rl4016604673/,1 hr 35 min
Furious 7,2015,https://www.boxofficemojo.com/release/rl1045661185/,2 hr 17 min
American Sniper,2015,https://www.boxofficemojo.com/release/rl2923660801/,2 hr 13 min
Minions,2015,https://www.boxofficemojo.com/release/rl2271380993/,1 hr 31 min
The Hunger Games: Mockingjay - Part 2,2015,https://www.boxofficemojo.com/release/rl4032333313/,2 hr 17 min
The Martian,2015,https://www.boxofficemojo.com/release/rl3496969729/,2 hr 24 min
Cinderella,2015,https://www.boxofficemojo.com/release/rl4165699073/,1 hr 45 min
Spectre,2015,https://www.boxofficemojo.com/release/rl1363576321/,2 hr 28 min
Mission: Impossible - Rogue Nation,2015,https://www.boxofficemojo.com/release/rl1382188545/,2 hr 11 min
Pitch Perfect 2,2015,https://www.boxofficemojo.com/release/rl3932718593/,1 hr 55 min
Ant-Man,2015,https://www.boxofficemojo.com/release/rl88245761/,1 hr 57 min
Home,2015,https://www.boxofficemojo.com/release/rl1968604673/,1 hr 34 min
Hotel Transylvania 2,2015,https://www.boxofficemojo.com/release/rl257459713/,1 hr 29 min
Fifty Shades of Grey,2015,https://www.boxofficemojo.com/release/rl3980494337/,2 hr 5 min
The SpongeBob Movie: Sponge Out of Water,2015,https://www.boxofficemojo.com/release/rl158565889/,1 hr 32 min
Straight Outta Compton,2015,https://www.boxofficemojo.com/release/rl292718081/,2 hr 27 min
San Andreas,2015,https://www.boxofficemojo.com/release/rl1433372161/,1 hr 54 min
Finding Dory,2016,https://www.boxofficemojo.com/release/rl3764946433/,1 hr 37 min
Rogue One: A Star Wars Story,2016,https://www.boxofficemojo.com/release/rl2557707777/,2 hr 13 min
Captain America: Civil War,2016,https://www.boxofficemojo.com/release/rl3210970625/,2 hr 27 min
The Secret Life of Pets,2016,https://www.boxofficemojo.com/release/rl2069595649/,1 hr 27 min
The Jungle Book,2016,https://www.boxofficemojo.com/release/rl2455602689/,1 hr 46 min
Deadpool,2016,https://www.boxofficemojo.com/release/rl2588706305/,1 hr 48 min
Zootopia,2016,https://www.boxofficemojo.com/release/rl4031743489/,1 hr 48 min
Batman v Superman: Dawn of Justice,2016,https://www.boxofficemojo.com/release/rl2238875137/,2 hr 32 min
Suicide Squad,2016,https://www.boxofficemojo.com/release/rl1145865729/,2 hr 3 min
Star Wars: Episode VII - The Force Awakens,2016,https://www.boxofficemojo.com/release/rl2691925505/,2 hr 18 min
Doctor Strange,2016,https://www.boxofficemojo.com/release/rl3076752897/,1 hr 55 min
Fantastic Beasts and Where to Find Them,2016,https://www.boxofficemojo.com/release/rl3696264705/,2 hr 12 min
Moana,2016,https://www.boxofficemojo.com/release/rl4249847297/,1 hr 47 min
The Revenant,2016,https://www.boxofficemojo.com/release/rl3698165249/,2 hr 36 min
Jason Bourne,2016,https://www.boxofficemojo.com/release/rl2537981441/,2 hr 3 min
Star Trek Beyond,2016,https://www.boxofficemojo.com/release/rl2960360961/,2 hr 2 min
X-Men: Apocalypse,2016,https://www.boxofficemojo.com/release/rl1417315841/,2 hr 24 min
Sing,2016,https://www.boxofficemojo.com/release/rl2103150081/,1 hr 48 min
Trolls,2016,https://www.boxofficemojo.com/release/rl3967256065/,1 hr 32 min
Kung Fu Panda 3,2016,https://www.boxofficemojo.com/release/rl3546056193/,1 hr 35 min
Star Wars: Episode VIII - The Last Jedi,2017,https://www.boxofficemojo.com/release/rl2708702721/,2 hr 32 min
Beauty and the Beast,2017,https://www.boxofficemojo.com/release/rl222594561/,2 hr 9 min
Wonder Woman,2017,https://www.boxofficemojo.com/release/rl578455041/,2 hr 21 min
Guardians of the Galaxy Vol. 2,2017,https://www.boxofficemojo.com/release/rl2976089601/,2 hr 16 min
Spider-Man: Homecoming,2017,https://www.boxofficemojo.com/release/rl863208961/,2 hr 13 min
It,2017,https://www.boxofficemojo.com/release/rl3481241089/,2 hr 15 min
Thor: Ragnarok,2017,https://www.boxofficemojo.com/release/rl2959312385/,2 hr 10 min
Despicable Me 3,2017,https://www.boxofficemojo.com/release/rl122652161/,1 hr 29 min
Logan,2017,https://www.boxofficemojo.com/release/rl3229320705/,2 hr 17 min
The Fate of the Furious,2017,https://www.boxofficemojo.com/release/rl1767212545/,2 hr 16 min
Justice League,2017,https://www.boxofficemojo.com/release/rl1129088513/,2 hr
Dunkirk,2017,https://www.boxofficemojo.com/release/rl4118644225/,1 hr 46 min
Coco,2017,https://www.boxofficemojo.com/release/rl3983050241/,1 hr 45 min
The Lego Batman Movie,2017,https://www.boxofficemojo.com/release/rl660506113/,1 hr 44 min
Get Out,2017,https://www.boxofficemojo.com/release/rl256280065/,1 hr 44 min
The Boss Baby,2017,https://www.boxofficemojo.com/release/rl2789639681/,1 hr 37 min
Pirates of the Caribbean: Dead Men Tell No Tales,2017,https://www.boxofficemojo.com/release/rl1382778369/,2 hr 9 min
Jumanji: Welcome to the Jungle,2017,https://www.boxofficemojo.com/release/rl3095234049/,1 hr 59 min
Kong: Skull Island,2017,https://www.boxofficemojo.com/release/rl710837761/,1 hr 58 min
Hidden Figures,2017,https://www.boxofficemojo.com/release/rl3749545473/,2 hr 7 min
Black Panther,2018,https://www.boxofficemojo.com/release/rl2992866817/,2 hr 14 min
Avengers: Infinity War,2018,https://www.boxofficemojo.com/release/rl3043198465/,2 hr 29 min
The Incredibles 2,2018,https://www.boxofficemojo.com/release/rl2071758337/,1 hr 58 min
Jurassic World: Fallen Kingdom,2018,https://www.boxofficemojo.com/release/rl1602061825/,2 hr 8 min
Deadpool 2,2018,https://www.boxofficemojo.com/release/rl2488436225/,1 hr 59 min
Dr. Seuss' the Grinch,2018,https://www.boxofficemojo.com/release/rl3075966465/,1 hr 25 min
Jumanji: Welcome to the Jungle,2018,https://www.boxofficemojo.com/release/rl3095234049/,1 hr 59 min
Mission: Impossible - Fallout,2018,https://www.boxofficemojo.com/release/rl2449573377/,2 hr 27 min
Ant-Man and the Wasp,2018,https://www.boxofficemojo.com/release/rl2088535553/,1 hr 58 min
Solo: A Star Wars Story,2018,https://www.boxofficemojo.com/release/rl1954383361/,2 hr 15 min
Venom,2018,https://www.boxofficemojo.com/release/rl2734720513/,1 hr 52 min
A Star Is Born,2018,https://www.boxofficemojo.com/release/rl2164360705/,2 hr 16 min
Aquaman,2018,https://www.boxofficemojo.com/release/rl3108800001/,2 hr 23 min
Bohemian Rhapsody,2018,https://www.boxofficemojo.com/release/rl3439363585/,2 hr 14 min
A Quiet Place,2018,https://www.boxofficemojo.com/release/rl2399176193/,1 hr 30 min
Ralph Breaks the Internet,2018,https://www.boxofficemojo.com/release/rl2742978049/,1 hr 52 min
Crazy Rich Asians,2018,https://www.boxofficemojo.com/release/rl1157858817/,2 hr
Hotel Transylvania 3: Summer Vacation,2018,https://www.boxofficemojo.com/release/rl3111945729/,1 hr 37 min
Halloween,2018,https://www.boxofficemojo.com/release/rl1342342657/,1 hr 46 min
Fantastic Beasts: The Crimes of Grindelwald,2018,https://www.boxofficemojo.com/release/rl1534625281/,2 hr 14 min
Avengers: Endgame,2019,https://www.boxofficemojo.com/release/rl3059975681/,3 hr 1 min
The Lion King,2019,https://www.boxofficemojo.com/release/rl3321923073/,1 hr 58 min
Toy Story 4,2019,https://www.boxofficemojo.com/release/rl3798500865/,1 hr 40 min
Frozen II,2019,https://www.boxofficemojo.com/release/rl2424210945/,1 hr 43 min
Captain Marvel,2019,https://www.boxofficemojo.com/release/rl3009644033/,2 hr 3 min
Star Wars: The Rise of Skywalker,2019,https://www.boxofficemojo.com/release/rl3305145857/,2 hr 21 min
Spider-Man: Far from Home,2019,https://www.boxofficemojo.com/release/rl3791750657/,2 hr 9 min
Aladdin,2019,https://www.boxofficemojo.com/release/rl3246360065/,2 hr 8 min
Joker,2019,https://www.boxofficemojo.com/release/rl252151297/,2 hr 2 min
It Chapter Two,2019,https://www.boxofficemojo.com/release/rl1107461633/,2 hr 49 min
Jumanji: The Next Level,2019,https://www.boxofficemojo.com/release/rl755467777/,2 hr 3 min
Us,2019,https://www.boxofficemojo.com/release/rl1711506945/,1 hr 56 min
Fast & Furious Presents: Hobbs & Shaw,2019,https://www.boxofficemojo.com/release/rl2919400961/,2 hr 17 min
John Wick: Chapter 3 - Parabellum,2019,https://www.boxofficemojo.com/release/rl1476560385/,2 hr 10 min
How to Train Your Dragon: The Hidden World,2019,https://www.boxofficemojo.com/release/rl2606269953/,1 hr 44 min
The Secret Life of Pets 2,2019,https://www.boxofficemojo.com/release/rl1719436801/,1 hr 26 min
PokÃ©mon Detective Pikachu,2019,https://www.boxofficemojo.com/release/rl17139201/,1 hr 44 min
Once Upon a Time... In Hollywood,2019,https://www.boxofficemojo.com/release/rl520455681/,2 hr 41 min
Shazam!,2019,https://www.boxofficemojo.com/release/rl1196197377/,2 hr 12 min
Aquaman,2019,https://www.boxofficemojo.com/release/rl3108800001/,2 hr 23 min
